use ergasiadb;


-- Organisation

insert into Organisation (id, org_name, abbreviation, address_postal_code, address_street, address_city) values (1, 'Hansen, Predovic and Koepp', 'DGICB', '347664', 'Golf', 'Yegorlykskaya');
insert into Organisation (id, org_name, abbreviation, address_postal_code, address_street, address_city) values (2, 'Wyman, Hagenes and Raynor', 'EMIF', null, 'Orin', 'Yuncao');
insert into Organisation (id, org_name, abbreviation, address_postal_code, address_street, address_city) values (3, 'Romaguera and Sons', 'HUBB', '13343 CEDEX 15', 'Walton', 'Marseille');
insert into Organisation (id, org_name, abbreviation, address_postal_code, address_street, address_city) values (4, 'Schneider Group', 'AMKR', '01057', 'Basil', 'Mixco');
insert into Organisation (id, org_name, abbreviation, address_postal_code, address_street, address_city) values (5, 'Hoppe-Schuppe', 'GLBZ', null, 'Hauk', 'Safi');
insert into Organisation (id, org_name, abbreviation, address_postal_code, address_street, address_city) values (6, 'Herman-Berge', 'BBN', '370-0418', 'Bashford', 'Fukayachō');
insert into Organisation (id, org_name, abbreviation, address_postal_code, address_street, address_city) values (7, 'Effertz Group', 'MCHP', null, 'Atwood', 'Helong');
insert into Organisation (id, org_name, abbreviation, address_postal_code, address_street, address_city) values (8, 'Grant-Kunde', 'FIBK', null, 'Barby', 'Mahébourg');
insert into Organisation (id, org_name, abbreviation, address_postal_code, address_street, address_city) values (9, 'Paucek, Bechtelar and Herzog', 'STAR^E', '33538', 'Marquette', 'Guadalupe');
insert into Organisation (id, org_name, abbreviation, address_postal_code, address_street, address_city) values (10, 'Friesen-Cummerata', 'NNN', null, 'Clove', 'Burrel');
insert into Organisation (id, org_name, abbreviation, address_postal_code, address_street, address_city) values (11, 'Kreiger, Green and Watsica', 'FGM', '6712', 'Vahlen', 'Tagapul-an');
insert into Organisation (id, org_name, abbreviation, address_postal_code, address_street, address_city) values (12, 'Anderson-Schaefer', 'MUA', null, 'Kenwood', 'Ben Arous');
insert into Organisation (id, org_name, abbreviation, address_postal_code, address_street, address_city) values (13, 'Johnson, Schultz and Ledner', 'BBN', '50369', 'Hagan', 'Des Moines');
insert into Organisation (id, org_name, abbreviation, address_postal_code, address_street, address_city) values (14, 'Crist, Tromp and Christiansen', 'PGC', null, 'Southridge', 'Gombangan');
insert into Organisation (id, org_name, abbreviation, address_postal_code, address_street, address_city) values (15, 'Vandervort, Sporer and Kautzer', 'LEG', 'PTA', 'Brentwood', 'Pietà');
insert into Organisation (id, org_name, abbreviation, address_postal_code, address_street, address_city) values (16, 'Beatty-Welch', 'APEI', null, 'Nova', 'Pale');
insert into Organisation (id, org_name, abbreviation, address_postal_code, address_street, address_city) values (17, 'Effertz-Kovacek', 'MMAC', '398902', 'Lillian', 'Syrskoye');
insert into Organisation (id, org_name, abbreviation, address_postal_code, address_street, address_city) values (18, 'Welch-Ferry', 'CUBN', null, 'Merchant', 'Qandala');
insert into Organisation (id, org_name, abbreviation, address_postal_code, address_street, address_city) values (19, 'Larkin, Baumbach and Purdy', 'CUZ', '74120', 'Montana', 'Ban Phaeo');
insert into Organisation (id, org_name, abbreviation, address_postal_code, address_street, address_city) values (20, 'Lowe, Sporer and Schinner', 'HPT', '02208', 'Rockefeller', 'Boston');
insert into Organisation (id, org_name, abbreviation, address_postal_code, address_street, address_city) values (21, 'Morissette LLC', 'SOV^C', '5105', 'Northport', 'Santa Cruz');
insert into Organisation (id, org_name, abbreviation, address_postal_code, address_street, address_city) values (22, 'Gibson and Sons', 'SCX', '7250', 'Ramsey', 'Caledon');
insert into Organisation (id, org_name, abbreviation, address_postal_code, address_street, address_city) values (23, 'Wiegand-Corkery', 'RGS', null, 'Crest Line', 'Sofo-Birnin-Gwari');
insert into Organisation (id, org_name, abbreviation, address_postal_code, address_street, address_city) values (24, 'Waters, Quitzon and Lemke', 'OMF', null, 'Ryan', 'Pasirtujuhpuluh');
insert into Organisation (id, org_name, abbreviation, address_postal_code, address_street, address_city) values (25, 'Conn-Carter', 'MGM', '91574 CEDEX', 'Carberry', 'Massy');
insert into Organisation (id, org_name, abbreviation, address_postal_code, address_street, address_city) values (26, 'Turner LLC', 'LCI', null, 'Blaine', 'Jiefang');
insert into Organisation (id, org_name, abbreviation, address_postal_code, address_street, address_city) values (27, 'Skiles Inc', 'JLS', null, 'Lukken', 'Kyrenia');
insert into Organisation (id, org_name, abbreviation, address_postal_code, address_street, address_city) values (28, 'Nicolas, Williamson and Sporer', 'NHLDW', '629733', 'Lukken', 'Zvëzdnyy');
insert into Organisation (id, org_name, abbreviation, address_postal_code, address_street, address_city) values (29, 'Kirlin-Bernhard', 'SLCT', null, 'Dakota', 'Galleh Manda');
insert into Organisation (id, org_name, abbreviation, address_postal_code, address_street, address_city) values (30, 'Funk Group', 'IRDM', null, 'Lerdahl', 'Mchinji');

-- Program

insert into Program (id, program_name, address) values (1, 'TCA', '9115 Fairfield Park');
insert into Program (id, program_name, address) values (2, 'Architectural Drawings', '32936 Hollow Ridge Terrace');
insert into Program (id, program_name, address) values (3, 'HTML5', '04021 Kennedy Point');
insert into Program (id, program_name, address) values (4, 'Ships', '088 Dorton Point');
insert into Program (id, program_name, address) values (5, 'Food', '7 Cascade Center');
insert into Program (id, program_name, address) values (6, 'SDLC', '1 Bellgrove Center');
insert into Program (id, program_name, address) values (7, 'DOT Regulations', '94754 Shasta Street');
insert into Program (id, program_name, address) values (8, 'Cisco Call Manager', '99 Doe Crossing Plaza');
insert into Program (id, program_name, address) values (9, 'Wastewater Treatment', '0 Eagan Drive');
insert into Program (id, program_name, address) values (10, 'SCADA', '4 Elmside Road');
insert into Program (id, program_name, address) values (11, 'MMR', '43 Mariners Cove Parkway');
insert into Program (id, program_name, address) values (12, 'LEED AP', '2784 Fieldstone Circle');
insert into Program (id, program_name, address) values (13, 'Signal Processing', '784 Stang Circle');
insert into Program (id, program_name, address) values (14, 'FBD', '75 Kings Court');
insert into Program (id, program_name, address) values (15, 'Medical Terminology', '41 Village Park');
insert into Program (id, program_name, address) values (16, 'VMware Server', '394 Ramsey Court');
insert into Program (id, program_name, address) values (17, 'Floor Plans', '139 Service Court');
insert into Program (id, program_name, address) values (18, 'HF', '45447 Debra Park');
insert into Program (id, program_name, address) values (19, 'MDB', '348 Rutledge Street');
insert into Program (id, program_name, address) values (20, 'Igloo', '6 Stephen Crossing');
insert into Program (id, program_name, address) values (21, 'Grants', '4225 Pleasure Center');
insert into Program (id, program_name, address) values (22, 'SRDS', '8 Independence Drive');
insert into Program (id, program_name, address) values (23, 'LSAT', '0138 Green Hill');
insert into Program (id, program_name, address) values (24, 'Numerical Analysis', '7420 Fulton Road');
insert into Program (id, program_name, address) values (25, 'Audio Typing', '3667 Rutledge Plaza');
insert into Program (id, program_name, address) values (26, 'American History', '4448 Monica Road');
insert into Program (id, program_name, address) values (27, 'MDS', '61 Schiller Alley');
insert into Program (id, program_name, address) values (28, 'HTC', '5803 Elgar Plaza');
insert into Program (id, program_name, address) values (29, 'Functional Testing', '19 Hoffman Hill');
insert into Program (id, program_name, address) values (30, 'Multi-channel Marketing', '67 Ridgeview Lane');


-- Executive

insert into Executive (id, executive_name) values (1, 'Valentine Blindt');
insert into Executive (id, executive_name) values (2, 'Godart Ivashinnikov');
insert into Executive (id, executive_name) values (3, 'Caesar Trorey');
insert into Executive (id, executive_name) values (4, 'Melina Dugdale');
insert into Executive (id, executive_name) values (5, 'Marcie Clayworth');
insert into Executive (id, executive_name) values (6, 'Liane Tomasi');
insert into Executive (id, executive_name) values (7, 'Cyrillus Cheake');
insert into Executive (id, executive_name) values (8, 'Spike Gruszecki');
insert into Executive (id, executive_name) values (9, 'Jaymee Whymark');
insert into Executive (id, executive_name) values (10, 'Ira Honeyghan');
insert into Executive (id, executive_name) values (11, 'Lucais Hatry');
insert into Executive (id, executive_name) values (12, 'Laureen Pikett');
insert into Executive (id, executive_name) values (13, 'Denis Carmel');
insert into Executive (id, executive_name) values (14, 'Koo Bowmer');
insert into Executive (id, executive_name) values (15, 'Cindee Kleszinski');
insert into Executive (id, executive_name) values (16, 'Rowan Barlee');
insert into Executive (id, executive_name) values (17, 'Codi Jupe');
insert into Executive (id, executive_name) values (18, 'Janos Lazare');
insert into Executive (id, executive_name) values (19, 'Bari McCombe');
insert into Executive (id, executive_name) values (20, 'Doria Knifton');
insert into Executive (id, executive_name) values (21, 'Farly Gulliford');
insert into Executive (id, executive_name) values (22, 'Michelina Mushart');
insert into Executive (id, executive_name) values (23, 'Hetty Polgreen');
insert into Executive (id, executive_name) values (24, 'Amelita Johannesson');
insert into Executive (id, executive_name) values (25, 'Andromache Gindghill');
insert into Executive (id, executive_name) values (26, 'Shelton Methley');
insert into Executive (id, executive_name) values (27, 'Michaeline Freegard');
insert into Executive (id, executive_name) values (28, 'Michele Bumpas');
insert into Executive (id, executive_name) values (29, 'Tally Quarrie');
insert into Executive (id, executive_name) values (30, 'Consuela Macro');
insert into Executive (id, executive_name) values (31, 'Burk Surtees');
insert into Executive (id, executive_name) values (32, 'Shaine Fever');
insert into Executive (id, executive_name) values (33, 'Lissi Insley');
insert into Executive (id, executive_name) values (34, 'Judas Leggs');
insert into Executive (id, executive_name) values (35, 'Byrann Reisenberg');
insert into Executive (id, executive_name) values (36, 'Bordy Mackro');
insert into Executive (id, executive_name) values (37, 'Robbyn Greenham');
insert into Executive (id, executive_name) values (38, 'Kathleen Fairbrass');
insert into Executive (id, executive_name) values (39, 'Casey Loche');
insert into Executive (id, executive_name) values (40, 'Ky Pauletto');
insert into Executive (id, executive_name) values (41, 'Trey Crombleholme');
insert into Executive (id, executive_name) values (42, 'Kendre Coxhell');
insert into Executive (id, executive_name) values (43, 'Binny Stud');
insert into Executive (id, executive_name) values (44, 'Bobby Rudland');
insert into Executive (id, executive_name) values (45, 'Bing Lewton');
insert into Executive (id, executive_name) values (46, 'Ahmed Haselgrove');
insert into Executive (id, executive_name) values (47, 'Brianne Hadley');
insert into Executive (id, executive_name) values (48, 'Miriam Balf');
insert into Executive (id, executive_name) values (49, 'Perry Swindlehurst');
insert into Executive (id, executive_name) values (50, 'Ramsay Honack');

-- Company

insert into Company (id, private_funds) values (1, 392192);
insert into Company (id, private_funds) values (2, 857329);
insert into Company (id, private_funds) values (3, 62773);
insert into Company (id, private_funds) values (4, 440288);
insert into Company (id, private_funds) values (5, 912826);
insert into Company (id, private_funds) values (6, 389717);
insert into Company (id, private_funds) values (7, 69010);
insert into Company (id, private_funds) values (8, 87188);
insert into Company (id, private_funds) values (9, 827618);
insert into Company (id, private_funds) values (10, 815279);

-- University

insert into University (id, budget) values (11, 517954);
insert into University (id, budget) values (12, 52248);
insert into University (id, budget) values (13, 147719);
insert into University (id, budget) values (14, 609630);
insert into University (id, budget) values (15, 397677);
insert into University (id, budget) values (16, 383864);
insert into University (id, budget) values (17, 553009);
insert into University (id, budget) values (18, 347976);
insert into University (id, budget) values (19, 570262);
insert into University (id, budget) values (20, 188360);


-- Research_Center 

insert into Research_Center (id, private_funds, budget) values (21, 78995, 51939);
insert into Research_Center (id, private_funds, budget) values (22, 27068, 33257);
insert into Research_Center (id, private_funds, budget) values (23, 67113, 93649);
insert into Research_Center (id, private_funds, budget) values (24, 12513, 12729);
insert into Research_Center (id, private_funds, budget) values (25, 29407, 39827);
insert into Research_Center (id, private_funds, budget) values (26, 80377, 36596);
insert into Research_Center (id, private_funds, budget) values (27, 90239, 21673);
insert into Research_Center (id, private_funds, budget) values (28, 73440, 80272);
insert into Research_Center (id, private_funds, budget) values (29, 37053, 98274);
insert into Research_Center (id, private_funds, budget) values (30, 40321, 90052);


-- Researcher

insert into Researcher (id, first_name, last_name, date_of_birth, gender, org_id) values (1, 'Ralf', 'Baudesson', '1995-01-20', 'Male', 14);
insert into Researcher (id, first_name, last_name, date_of_birth, gender, org_id) values (2, 'Shelby', 'Desouza', '1983-05-16', 'Male', 26);
insert into Researcher (id, first_name, last_name, date_of_birth, gender, org_id) values (3, 'Sandy', 'Earry', '1998-04-15', 'Male', 6);
insert into Researcher (id, first_name, last_name, date_of_birth, gender, org_id) values (4, 'Griffith', 'Lattos', '1978-02-04', 'Male', 5);
insert into Researcher (id, first_name, last_name, date_of_birth, gender, org_id) values (5, 'Dominique', 'Antill', '1987-06-02', 'Female', 21);
insert into Researcher (id, first_name, last_name, date_of_birth, gender, org_id) values (6, 'Pepe', 'Upex', '1973-07-19', 'Male', 21);
insert into Researcher (id, first_name, last_name, date_of_birth, gender, org_id) values (7, 'Doralynn', 'Genney', '1974-07-24', 'Female', 4);
insert into Researcher (id, first_name, last_name, date_of_birth, gender, org_id) values (8, 'Vassily', 'Leban', '1994-02-25', 'Male', 1);
insert into Researcher (id, first_name, last_name, date_of_birth, gender, org_id) values (9, 'Andrea', 'Hartigan', '1993-02-01', 'Male', 22);
insert into Researcher (id, first_name, last_name, date_of_birth, gender, org_id) values (10, 'Bibbie', 'Postle', '1977-03-05', 'Female', 30);
insert into Researcher (id, first_name, last_name, date_of_birth, gender, org_id) values (11, 'Giulio', 'Bromell', '1989-04-24', 'Male', 28);
insert into Researcher (id, first_name, last_name, date_of_birth, gender, org_id) values (12, 'Darrell', 'Crates', '1987-07-12', 'Male', 23);
insert into Researcher (id, first_name, last_name, date_of_birth, gender, org_id) values (13, 'Tommi', 'Venturoli', '1985-08-04', 'Female', 3);
insert into Researcher (id, first_name, last_name, date_of_birth, gender, org_id) values (14, 'Christy', 'Delgua', '1969-07-27', 'Male', 5);
insert into Researcher (id, first_name, last_name, date_of_birth, gender, org_id) values (15, 'Jilli', 'Lidierth', '1986-05-23', 'Female', 27);
insert into Researcher (id, first_name, last_name, date_of_birth, gender, org_id) values (16, 'Cirilo', 'Sconce', '1985-08-26', 'Male', 24);
insert into Researcher (id, first_name, last_name, date_of_birth, gender, org_id) values (17, 'Jedediah', 'Muggeridge', '1983-12-05', 'Male', 3);
insert into Researcher (id, first_name, last_name, date_of_birth, gender, org_id) values (18, 'Sile', 'Areles', '1994-08-09', 'Non-binary', 29);
insert into Researcher (id, first_name, last_name, date_of_birth, gender, org_id) values (19, 'Amby', 'Studd', '1992-06-23', 'Male', 24);
insert into Researcher (id, first_name, last_name, date_of_birth, gender, org_id) values (20, 'Roddy', 'Howard', '1982-02-22', 'Male', 7);
insert into Researcher (id, first_name, last_name, date_of_birth, gender, org_id) values (21, 'Ly', 'Uppett', '1982-10-07', 'Genderqueer', 7);
insert into Researcher (id, first_name, last_name, date_of_birth, gender, org_id) values (22, 'Kellina', 'Garrals', '1990-08-11', 'Female', 19);
insert into Researcher (id, first_name, last_name, date_of_birth, gender, org_id) values (23, 'Chickie', 'McCathay', '1969-01-17', 'Polygender', 1);
insert into Researcher (id, first_name, last_name, date_of_birth, gender, org_id) values (24, 'Kerwin', 'Bugdale', '1968-10-06', 'Male', 5);
insert into Researcher (id, first_name, last_name, date_of_birth, gender, org_id) values (25, 'Woodman', 'Blackaller', '1981-04-08', 'Male', 29);
insert into Researcher (id, first_name, last_name, date_of_birth, gender, org_id) values (26, 'King', 'Santarelli', '1975-08-16', 'Male', 6);
insert into Researcher (id, first_name, last_name, date_of_birth, gender, org_id) values (27, 'Michelina', 'Truckett', '1995-02-15', 'Female', 17);
insert into Researcher (id, first_name, last_name, date_of_birth, gender, org_id) values (28, 'Cheryl', 'Pavkovic', '1967-04-14', 'Female', 3);
insert into Researcher (id, first_name, last_name, date_of_birth, gender, org_id) values (29, 'Gertie', 'Debill', '1974-05-22', 'Genderfluid', 28);
insert into Researcher (id, first_name, last_name, date_of_birth, gender, org_id) values (30, 'Stephannie', 'Adrain', '1976-08-28', 'Female', 20);
insert into Researcher (id, first_name, last_name, date_of_birth, gender, org_id) values (31, 'Winnie', 'Danick', '1988-06-07', 'Polygender', 4);
insert into Researcher (id, first_name, last_name, date_of_birth, gender, org_id) values (32, 'Yul', 'Nolleau', '1996-10-15', 'Male', 30);
insert into Researcher (id, first_name, last_name, date_of_birth, gender, org_id) values (33, 'Teddy', 'Tremmil', '1997-02-20', 'Female', 25);
insert into Researcher (id, first_name, last_name, date_of_birth, gender, org_id) values (34, 'Thomasa', 'Allbut', '1988-05-08', 'Female', 12);
insert into Researcher (id, first_name, last_name, date_of_birth, gender, org_id) values (35, 'Guillermo', 'Scawton', '1971-05-04', 'Male', 19);
insert into Researcher (id, first_name, last_name, date_of_birth, gender, org_id) values (36, 'Arny', 'Duesberry', '1965-07-16', 'Male', 20);
insert into Researcher (id, first_name, last_name, date_of_birth, gender, org_id) values (37, 'Constancia', 'Walenta', '1971-05-15', 'Female', 7);
insert into Researcher (id, first_name, last_name, date_of_birth, gender, org_id) values (38, 'Leontine', 'Mattioni', '1999-02-10', 'Female', 24);
insert into Researcher (id, first_name, last_name, date_of_birth, gender, org_id) values (39, 'Elaina', 'Rosettini', '1971-10-25', 'Female', 7);
insert into Researcher (id, first_name, last_name, date_of_birth, gender, org_id) values (40, 'Brucie', 'Weatherup', '1979-04-14', 'Genderfluid', 13);
insert into Researcher (id, first_name, last_name, date_of_birth, gender, org_id) values (41, 'Harriette', 'McClarence', '1976-09-11', 'Female', 7);
insert into Researcher (id, first_name, last_name, date_of_birth, gender, org_id) values (42, 'Porter', 'McPhillips', '1991-08-15', 'Male', 14);
insert into Researcher (id, first_name, last_name, date_of_birth, gender, org_id) values (43, 'Masha', 'Hearl', '1968-05-27', 'Female', 21);
insert into Researcher (id, first_name, last_name, date_of_birth, gender, org_id) values (44, 'Elsey', 'Crass', '1990-05-16', 'Female', 26);
insert into Researcher (id, first_name, last_name, date_of_birth, gender, org_id) values (45, 'Josee', 'Mortel', '1987-04-21', 'Genderqueer', 22);
insert into Researcher (id, first_name, last_name, date_of_birth, gender, org_id) values (46, 'Ailene', 'Marjanski', '1975-06-10', 'Female', 3);
insert into Researcher (id, first_name, last_name, date_of_birth, gender, org_id) values (47, 'Dominique', 'Yelding', '1991-05-24', 'Male', 10);
insert into Researcher (id, first_name, last_name, date_of_birth, gender, org_id) values (48, 'Teresa', 'Simoncello', '1986-08-15', 'Female', 20);
insert into Researcher (id, first_name, last_name, date_of_birth, gender, org_id) values (49, 'Alix', 'Henryson', '1973-09-06', 'Male', 13);
insert into Researcher (id, first_name, last_name, date_of_birth, gender, org_id) values (50, 'Xenia', 'Bansal', '1987-10-22', 'Female', 16);
insert into Researcher (id, first_name, last_name, date_of_birth, gender, org_id) values (51, 'Dina', 'Peterken', '1984-07-14', 'Female', 25);
insert into Researcher (id, first_name, last_name, date_of_birth, gender, org_id) values (52, 'Basile', 'Fetter', '1995-09-08', 'Male', 6);
insert into Researcher (id, first_name, last_name, date_of_birth, gender, org_id) values (53, 'Faulkner', 'Olkowicz', '1988-02-12', 'Male', 14);
insert into Researcher (id, first_name, last_name, date_of_birth, gender, org_id) values (54, 'Melloney', 'Leadstone', '1986-12-03', 'Female', 6);
insert into Researcher (id, first_name, last_name, date_of_birth, gender, org_id) values (55, 'Gisela', 'Inch', '1993-03-08', 'Agender', 19);
insert into Researcher (id, first_name, last_name, date_of_birth, gender, org_id) values (56, 'Gypsy', 'Clohessy', '1982-08-06', 'Female', 25);
insert into Researcher (id, first_name, last_name, date_of_birth, gender, org_id) values (57, 'Lyndy', 'Murphy', '2000-02-01', 'Female', 21);
insert into Researcher (id, first_name, last_name, date_of_birth, gender, org_id) values (58, 'Tallie', 'Issac', '1969-02-19', 'Female', 14);
insert into Researcher (id, first_name, last_name, date_of_birth, gender, org_id) values (59, 'Chevalier', 'Stathers', '1983-02-03', 'Male', 12);
insert into Researcher (id, first_name, last_name, date_of_birth, gender, org_id) values (60, 'Fidel', 'Wishkar', '1977-11-19', 'Bigender', 12);
insert into Researcher (id, first_name, last_name, date_of_birth, gender, org_id) values (61, 'Deane', 'Izakov', '1990-10-03', 'Male', 11);
insert into Researcher (id, first_name, last_name, date_of_birth, gender, org_id) values (62, 'Jeannie', 'Hedin', '1981-03-21', 'Female', 17);
insert into Researcher (id, first_name, last_name, date_of_birth, gender, org_id) values (63, 'Bridie', 'Priddle', '1987-10-29', 'Female', 15);
insert into Researcher (id, first_name, last_name, date_of_birth, gender, org_id) values (64, 'Helenelizabeth', 'Boice', '1966-06-13', 'Female', 11);
insert into Researcher (id, first_name, last_name, date_of_birth, gender, org_id) values (65, 'Philippe', 'Slack', '1977-03-18', 'Female', 15);
insert into Researcher (id, first_name, last_name, date_of_birth, gender, org_id) values (66, 'Edward', 'Rulton', '1982-02-15', 'Male', 19);
insert into Researcher (id, first_name, last_name, date_of_birth, gender, org_id) values (67, 'Antonie', 'Ludron', '1980-02-07', 'Female', 30);
insert into Researcher (id, first_name, last_name, date_of_birth, gender, org_id) values (68, 'Cherise', 'de Courcey', '1968-03-24', 'Female', 14);
insert into Researcher (id, first_name, last_name, date_of_birth, gender, org_id) values (69, 'Becka', 'Dutteridge', '1977-04-12', 'Female', 22);
insert into Researcher (id, first_name, last_name, date_of_birth, gender, org_id) values (70, 'Ximenez', 'Darker', '1988-07-12', 'Male', 4);
insert into Researcher (id, first_name, last_name, date_of_birth, gender, org_id) values (71, 'Lynnelle', 'Godard', '1974-02-05', 'Female', 18);
insert into Researcher (id, first_name, last_name, date_of_birth, gender, org_id) values (72, 'Flemming', 'Stammler', '1982-12-04', 'Male', 2);
insert into Researcher (id, first_name, last_name, date_of_birth, gender, org_id) values (73, 'Mellisa', 'Feaviour', '1970-10-25', 'Female', 30);
insert into Researcher (id, first_name, last_name, date_of_birth, gender, org_id) values (74, 'Justin', 'Murley', '1992-05-03', 'Male', 20);
insert into Researcher (id, first_name, last_name, date_of_birth, gender, org_id) values (75, 'Darcee', 'Heselwood', '1978-03-04', 'Female', 21);
insert into Researcher (id, first_name, last_name, date_of_birth, gender, org_id) values (76, 'Cyrillus', 'Edelston', '1996-02-05', 'Male', 6);
insert into Researcher (id, first_name, last_name, date_of_birth, gender, org_id) values (77, 'Consuelo', 'Bramford', '1988-10-30', 'Genderfluid', 12);
insert into Researcher (id, first_name, last_name, date_of_birth, gender, org_id) values (78, 'Mac', 'McFall', '1990-03-04', 'Male', 17);
insert into Researcher (id, first_name, last_name, date_of_birth, gender, org_id) values (79, 'Shane', 'Jovovic', '1966-05-31', 'Male', 3);
insert into Researcher (id, first_name, last_name, date_of_birth, gender, org_id) values (80, 'Monro', 'Grinikhinov', '1978-07-30', 'Male', 25);
insert into Researcher (id, first_name, last_name, date_of_birth, gender, org_id) values (81, 'Brynna', 'Jannaway', '1967-05-29', 'Female', 22);
insert into Researcher (id, first_name, last_name, date_of_birth, gender, org_id) values (82, 'Gothart', 'Thomkins', '1998-09-26', 'Male', 15);
insert into Researcher (id, first_name, last_name, date_of_birth, gender, org_id) values (83, 'Sal', 'Boutellier', '1981-09-23', 'Female', 17);
insert into Researcher (id, first_name, last_name, date_of_birth, gender, org_id) values (84, 'Yorker', 'Prewett', '1996-03-08', 'Male', 23);
insert into Researcher (id, first_name, last_name, date_of_birth, gender, org_id) values (85, 'Kelcy', 'McColley', '1975-02-28', 'Female', 8);
insert into Researcher (id, first_name, last_name, date_of_birth, gender, org_id) values (86, 'Mathew', 'Sent', '1992-10-20', 'Male', 14);
insert into Researcher (id, first_name, last_name, date_of_birth, gender, org_id) values (87, 'Leonore', 'Booi', '1989-12-25', 'Female', 11);
insert into Researcher (id, first_name, last_name, date_of_birth, gender, org_id) values (88, 'Amber', 'Vakhonin', '1991-07-20', 'Female', 1);
insert into Researcher (id, first_name, last_name, date_of_birth, gender, org_id) values (89, 'Dot', 'Souten', '1988-10-07', 'Female', 28);
insert into Researcher (id, first_name, last_name, date_of_birth, gender, org_id) values (90, 'Arlen', 'Tolcher', '1971-03-18', 'Male', 30);
insert into Researcher (id, first_name, last_name, date_of_birth, gender, org_id) values (91, 'Fawn', 'Hastie', '1975-04-25', 'Female', 24);
insert into Researcher (id, first_name, last_name, date_of_birth, gender, org_id) values (92, 'Jarrod', 'Breagan', '1994-04-26', 'Male', 28);
insert into Researcher (id, first_name, last_name, date_of_birth, gender, org_id) values (93, 'Kalila', 'Gotling', '1970-01-20', 'Female', 20);
insert into Researcher (id, first_name, last_name, date_of_birth, gender, org_id) values (94, 'Natalee', 'Massimi', '1969-03-23', 'Female', 1);
insert into Researcher (id, first_name, last_name, date_of_birth, gender, org_id) values (95, 'Vikki', 'Gleave', '1970-09-20', 'Female', 11);
insert into Researcher (id, first_name, last_name, date_of_birth, gender, org_id) values (96, 'Jermain', 'Gane', '1985-02-21', 'Male', 27);
insert into Researcher (id, first_name, last_name, date_of_birth, gender, org_id) values (97, 'Wilbur', 'Jentin', '1990-06-12', 'Male', 29);
insert into Researcher (id, first_name, last_name, date_of_birth, gender, org_id) values (98, 'Mirilla', 'Isworth', '1966-03-29', 'Bigender', 24);
insert into Researcher (id, first_name, last_name, date_of_birth, gender, org_id) values (99, 'Haywood', 'Cattermoul', '1989-02-18', 'Male', 15);
insert into Researcher (id, first_name, last_name, date_of_birth, gender, org_id) values (100, 'Modesty', 'Messier', '1999-05-17', 'Female', 15);

-- Project

insert into Evaluation (id, grade, ev_date, researcher_id) values (1, 2, '2020-09-15', 1);
insert into Evaluation (id, grade, ev_date, researcher_id) values (2, 8, '2019-10-14', 2);
insert into Evaluation (id, grade, ev_date, researcher_id) values (3, 9, '2021-01-22', 3);
insert into Evaluation (id, grade, ev_date, researcher_id) values (4, 1, '2021-06-08', 4);
insert into Evaluation (id, grade, ev_date, researcher_id) values (5, 5, '2019-11-01', 5);
insert into Evaluation (id, grade, ev_date, researcher_id) values (6, 2, '2019-02-10', 6);
insert into Evaluation (id, grade, ev_date, researcher_id) values (7, 7, '2020-06-17', 7);
insert into Evaluation (id, grade, ev_date, researcher_id) values (8, 8, '2021-03-28', 8);
insert into Evaluation (id, grade, ev_date, researcher_id) values (9, 4, '2022-03-01', 9);
insert into Evaluation (id, grade, ev_date, researcher_id) values (10, 6, '2021-02-15', 10);
insert into Evaluation (id, grade, ev_date, researcher_id) values (11, 8, '2022-04-12', 11);
insert into Evaluation (id, grade, ev_date, researcher_id) values (12, 9, '2020-11-28', 12);
insert into Evaluation (id, grade, ev_date, researcher_id) values (13, 10, '2022-03-16', 13);
insert into Evaluation (id, grade, ev_date, researcher_id) values (14, 9, '2018-10-27', 14);
insert into Evaluation (id, grade, ev_date, researcher_id) values (15, 4, '2018-08-23', 15);
insert into Evaluation (id, grade, ev_date, researcher_id) values (16, 2, '2021-09-26', 16);
insert into Evaluation (id, grade, ev_date, researcher_id) values (17, 6, '2018-12-09', 17);
insert into Evaluation (id, grade, ev_date, researcher_id) values (18, 4, '2021-01-17', 18);
insert into Evaluation (id, grade, ev_date, researcher_id) values (19, 4, '2021-10-15', 19);
insert into Evaluation (id, grade, ev_date, researcher_id) values (20, 4, '2022-05-09', 20);
insert into Evaluation (id, grade, ev_date, researcher_id) values (21, 6, '2019-08-11', 21);
insert into Evaluation (id, grade, ev_date, researcher_id) values (22, 7, '2021-01-22', 22);
insert into Evaluation (id, grade, ev_date, researcher_id) values (23, 7, '2018-08-22', 23);
insert into Evaluation (id, grade, ev_date, researcher_id) values (24, 7, '2018-08-29', 24);
insert into Evaluation (id, grade, ev_date, researcher_id) values (25, 6, '2021-01-29', 25);
insert into Evaluation (id, grade, ev_date, researcher_id) values (26, 8, '2021-12-07', 26);
insert into Evaluation (id, grade, ev_date, researcher_id) values (27, 2, '2018-08-15', 27);
insert into Evaluation (id, grade, ev_date, researcher_id) values (28, 3, '2019-10-24', 28);
insert into Evaluation (id, grade, ev_date, researcher_id) values (29, 4, '2021-05-12', 29);
insert into Evaluation (id, grade, ev_date, researcher_id) values (30, 6, '2021-09-14', 30);
insert into Evaluation (id, grade, ev_date, researcher_id) values (31, 8, '2020-01-14', 31);
insert into Evaluation (id, grade, ev_date, researcher_id) values (32, 2, '2019-11-20', 32);
insert into Evaluation (id, grade, ev_date, researcher_id) values (33, 2, '2018-11-04', 33);
insert into Evaluation (id, grade, ev_date, researcher_id) values (34, 8, '2021-01-01', 34);
insert into Evaluation (id, grade, ev_date, researcher_id) values (35, 1, '2020-09-12', 35);
insert into Evaluation (id, grade, ev_date, researcher_id) values (36, 3, '2018-07-25', 36);
insert into Evaluation (id, grade, ev_date, researcher_id) values (37, 1, '2020-06-14', 37);
insert into Evaluation (id, grade, ev_date, researcher_id) values (38, 2, '2020-11-30', 38);
insert into Evaluation (id, grade, ev_date, researcher_id) values (39, 7, '2021-02-01', 39);
insert into Evaluation (id, grade, ev_date, researcher_id) values (40, 1, '2018-07-10', 40);
insert into Evaluation (id, grade, ev_date, researcher_id) values (41, 5, '2019-07-06', 41);
insert into Evaluation (id, grade, ev_date, researcher_id) values (42, 1, '2021-05-16', 42);
insert into Evaluation (id, grade, ev_date, researcher_id) values (43, 5, '2019-11-05', 43);
insert into Evaluation (id, grade, ev_date, researcher_id) values (44, 5, '2020-04-05', 44);
insert into Evaluation (id, grade, ev_date, researcher_id) values (45, 7, '2021-12-04', 45);
insert into Evaluation (id, grade, ev_date, researcher_id) values (46, 10, '2018-07-28', 46);
insert into Evaluation (id, grade, ev_date, researcher_id) values (47, 9, '2020-10-13', 47);
insert into Evaluation (id, grade, ev_date, researcher_id) values (48, 9, '2021-05-20', 48);
insert into Evaluation (id, grade, ev_date, researcher_id) values (49, 9, '2021-06-20', 49);
insert into Evaluation (id, grade, ev_date, researcher_id) values (50, 10, '2021-12-12', 50);


-- Project

insert into Project (title, summary, date_start, date_end, amount, organisation_id, program_id, executive_id, evaluation_id) values ('QinQ', 'Nulla tellus. In sagittis dui vel nisl. Duis ac nibh.', '2018-01-22', '2022-04-17', 367403, 28, 7, 1, 1);
insert into Project (title, summary, date_start, date_end, amount, organisation_id, program_id, executive_id, evaluation_id) values ('LSO', 'Nulla suscipit ligula in lacus. Curabitur at ipsum ac tellus semper interdum. Mauris ullamcorper purus sit amet nulla. Quisque arcu libero, rutrum ac, lobortis vel, dapibus at, diam. Nam tristique tortor eu pede.', '2018-12-08', '2024-04-30', 467474, 9, 7, 2, 2);
insert into Project (title, summary, date_start, date_end, amount, organisation_id, program_id, executive_id, evaluation_id) values ('cGMP manufacturing', 'Vivamus vel nulla eget eros elementum pellentesque. Quisque porta volutpat erat. Quisque erat eros, viverra eget, congue eget, semper rutrum, nulla.', '2018-08-19', '2021-11-25', 220703, 25, 6, 3, 3);
insert into Project (title, summary, date_start, date_end, amount, organisation_id, program_id, executive_id, evaluation_id) values ('QHSE', 'Vestibulum ante ipsum primis in faucibus orci luctus et ultrices posuere cubilia Curae; Donec pharetra, magna vestibulum aliquet ultrices, erat tortor sollicitudin mi, sit amet lobortis sapien sapien non mi. Integer ac neque. Duis bibendum. Morbi non quam nec dui luctus rutrum.', '2019-01-10', '2026-04-03', 179653, 19, 18, 4, 4);
insert into Project (title, summary, date_start, date_end, amount, organisation_id, program_id, executive_id, evaluation_id) values ('Process Engineering', 'Vestibulum quam sapien, varius ut, blandit non, interdum in, ante. Vestibulum ante ipsum primis in faucibus orci luctus et ultrices posuere cubilia Curae; Duis faucibus accumsan odio.', '2019-12-06', '2022-03-04', 383757, 3, 9, 5, 5);
insert into Project (title, summary, date_start, date_end, amount, organisation_id, program_id, executive_id, evaluation_id) values ('Visio', 'In hac habitasse platea dictumst. Aliquam augue quam, sollicitudin vitae, consectetuer eget, rutrum at, lorem. Integer tincidunt ante vel ipsum. Praesent blandit lacinia erat.', '2020-08-31', '2023-01-23', 728734, 30, 19, 6, 6);
insert into Project (title, summary, date_start, date_end, amount, organisation_id, program_id, executive_id, evaluation_id) values ('Play-by-play', 'In congue. Etiam justo. Etiam pretium iaculis justo. In hac habitasse platea dictumst.', '2021-06-11', '2021-07-16', 610000, 5, 10, 7, 7);
insert into Project (title, summary, date_start, date_end, amount, organisation_id, program_id, executive_id, evaluation_id) values ('Liability', 'Nullam orci pede, venenatis non, sodales sed, tincidunt eu, felis. Fusce posuere felis sed lacus. Morbi sem mauris, laoreet ut, rhoncus aliquet, pulvinar sed, nisl. Nunc rhoncus dui vel sem.', '2020-12-09', '2025-07-19', 908835, 23, 25, 8, 8);
insert into Project (title, summary, date_start, date_end, amount, organisation_id, program_id, executive_id, evaluation_id) values ('Tortoise CVS', 'Aliquam non mauris. Morbi non lectus.', '2017-10-16', '2025-05-31', 853804, 9, 24, 9, 9);
insert into Project (title, summary, date_start, date_end, amount, organisation_id, program_id, executive_id, evaluation_id) values ('Nanomaterials', 'Nullam orci pede, venenatis non, sodales sed, tincidunt eu, felis. Fusce posuere felis sed lacus. Morbi sem mauris, laoreet ut, rhoncus aliquet, pulvinar sed, nisl. Nunc rhoncus dui vel sem.', '2017-04-23', '2020-06-28', 166511, 9, 24, 10, 10);
insert into Project (title, summary, date_start, date_end, amount, organisation_id, program_id, executive_id, evaluation_id) values ('PostgreSQL', 'Suspendisse ornare consequat lectus. In est risus, auctor sed, tristique in, tempus sit amet, sem.', '2019-09-06', '2022-05-07', 216276, 12, 26, 11, 11);
insert into Project (title, summary, date_start, date_end, amount, organisation_id, program_id, executive_id, evaluation_id) values ('NBAR', 'Vivamus tortor. Duis mattis egestas metus. Aenean fermentum. Donec ut mauris eget massa tempor convallis.', '2017-03-23', '2023-04-17', 415424, 7, 25, 12, 12);
insert into Project (title, summary, date_start, date_end, amount, organisation_id, program_id, executive_id, evaluation_id) values ('TNCC Instruction', 'Sed accumsan felis. Ut at dolor quis odio consequat varius. Integer ac leo. Pellentesque ultrices mattis odio.', '2020-03-22', '2025-10-17', 337377, 28, 24, 13, 13);
insert into Project (title, summary, date_start, date_end, amount, organisation_id, program_id, executive_id, evaluation_id) values ('MMR', 'In eleifend quam a odio. In hac habitasse platea dictumst. Maecenas ut massa quis augue luctus tincidunt. Nulla mollis molestie lorem.', '2020-06-24', '2024-06-25', 248786, 6, 21, 14, 14);
insert into Project (title, summary, date_start, date_end, amount, organisation_id, program_id, executive_id, evaluation_id) values ('SG&amp;A', 'Suspendisse ornare consequat lectus. In est risus, auctor sed, tristique in, tempus sit amet, sem. Fusce consequat. Nulla nisl.', '2017-05-14', '2026-02-28', 512701, 9, 2, 15, 15);
insert into Project (title, summary, date_start, date_end, amount, organisation_id, program_id, executive_id, evaluation_id) values ('IT Hardware Support', 'Quisque id justo sit amet sapien dignissim vestibulum. Vestibulum ante ipsum primis in faucibus orci luctus et ultrices posuere cubilia Curae; Nulla dapibus dolor vel est.', '2020-12-30', '2024-01-21', 341494, 14, 26, 16, 16);
insert into Project (title, summary, date_start, date_end, amount, organisation_id, program_id, executive_id, evaluation_id) values ('Obstetrics', 'Cum sociis natoque penatibus et magnis dis parturient montes, nascetur ridiculus mus. Etiam vel augue. Vestibulum rutrum rutrum neque. Aenean auctor gravida sem.', '2016-07-29', '2021-03-15', 328952, 27, 24, 17, 17);
insert into Project (title, summary, date_start, date_end, amount, organisation_id, program_id, executive_id, evaluation_id) values ('MySpace', 'Etiam vel augue. Vestibulum rutrum rutrum neque. Aenean auctor gravida sem. Praesent id massa id nisl venenatis lacinia.', '2019-08-22', '2024-05-04', 113454, 8, 6, 18, 18);
insert into Project (title, summary, date_start, date_end, amount, organisation_id, program_id, executive_id, evaluation_id) values ('iReport', 'In sagittis dui vel nisl. Duis ac nibh. Fusce lacus purus, aliquet at, feugiat non, pretium quis, lectus.', '2021-07-09', '2025-06-25', 436597, 24, 23, 19, 19);
insert into Project (title, summary, date_start, date_end, amount, organisation_id, program_id, executive_id, evaluation_id) values ('History', 'Etiam vel augue. Vestibulum rutrum rutrum neque. Aenean auctor gravida sem. Praesent id massa id nisl venenatis lacinia.', '2020-06-23', '2025-07-07', 387085, 19, 29, 20, 20);
insert into Project (title, summary, date_start, date_end, amount, organisation_id, program_id, executive_id, evaluation_id) values ('360 Feedback', 'In hac habitasse platea dictumst. Maecenas ut massa quis augue luctus tincidunt. Nulla mollis molestie lorem. Quisque ut erat.', '2018-07-28', '2023-03-31', 797031, 23, 16, 21, 21);
insert into Project (title, summary, date_start, date_end, amount, organisation_id, program_id, executive_id, evaluation_id) values ('Real Estate Transactions', 'Cras mi pede, malesuada in, imperdiet et, commodo vulputate, justo. In blandit ultrices enim.', '2016-11-20', '2020-06-17', 382576, 30, 26, 22, 22);
insert into Project (title, summary, date_start, date_end, amount, organisation_id, program_id, executive_id, evaluation_id) values ('CDL Class A', 'Nulla justo. Aliquam quis turpis eget elit sodales scelerisque.', '2021-06-08', '2021-12-01', 833225, 25, 18, 23, 23);
insert into Project (title, summary, date_start, date_end, amount, organisation_id, program_id, executive_id, evaluation_id) values ('HDSL', 'Integer a nibh. In quis justo. Maecenas rhoncus aliquam lacus. Morbi quis tortor id nulla ultrices aliquet. Maecenas leo odio, condimentum id, luctus nec, molestie sed, justo.', '2018-04-25', '2024-10-12', 675572, 4, 25, 24, 24);
insert into Project (title, summary, date_start, date_end, amount, organisation_id, program_id, executive_id, evaluation_id) values ('TMW', 'Proin interdum mauris non ligula pellentesque ultrices. Phasellus id sapien in sapien iaculis congue.', '2022-01-12', '2026-01-25', 464197, 24, 5, 25, 25);
insert into Project (title, summary, date_start, date_end, amount, organisation_id, program_id, executive_id, evaluation_id) values ('Mentoring', 'Aliquam erat volutpat. In congue. Etiam justo. Etiam pretium iaculis justo. In hac habitasse platea dictumst.', '2016-08-22', '2021-09-30', 130000, 26, 24, 26, 26);
insert into Project (title, summary, date_start, date_end, amount, organisation_id, program_id, executive_id, evaluation_id) values ('OATS', 'Mauris sit amet eros. Suspendisse accumsan tortor quis turpis. Sed ante.', '2022-04-10', '2023-11-07', 477757, 5, 30, 27, 27);
insert into Project (title, summary, date_start, date_end, amount, organisation_id, program_id, executive_id, evaluation_id) values ('GT-Power', 'Sed vel enim sit amet nunc viverra dapibus. Nulla suscipit ligula in lacus.', '2017-02-25', '2021-02-23', 885434, 14, 26, 28, 28);
insert into Project (title, summary, date_start, date_end, amount, organisation_id, program_id, executive_id, evaluation_id) values ('SLC500', 'Duis mattis egestas metus. Aenean fermentum. Donec ut mauris eget massa tempor convallis.', '2020-07-21', '2021-06-21', 275153, 30, 24, 29, 29);
insert into Project (title, summary, date_start, date_end, amount, organisation_id, program_id, executive_id, evaluation_id) values ('Rent to Own', 'Morbi porttitor lorem id ligula. Suspendisse ornare consequat lectus.', '2022-01-21', '2026-01-31', 609424, 28, 26, 30, 30);
insert into Project (title, summary, date_start, date_end, amount, organisation_id, program_id, executive_id, evaluation_id) values ('MD&amp;A', 'Vivamus metus arcu, adipiscing molestie, hendrerit at, vulputate vitae, nisl. Aenean lectus.', '2017-12-22', '2021-05-19', 523790, 10, 1, 31, 31);
insert into Project (title, summary, date_start, date_end, amount, organisation_id, program_id, executive_id, evaluation_id) values ('International Law', 'Duis consequat dui nec nisi volutpat eleifend. Donec ut dolor. Morbi vel lectus in quam fringilla rhoncus. Mauris enim leo, rhoncus sed, vestibulum sit amet, cursus id, turpis. Integer aliquet, massa id lobortis convallis, tortor risus dapibus augue, vel accumsan tellus nisi eu orci.', '2017-05-30', '2025-11-21', 556457, 7, 13, 32, 32);
insert into Project (title, summary, date_start, date_end, amount, organisation_id, program_id, executive_id, evaluation_id) values ('CTT', 'Donec quis orci eget orci vehicula condimentum. Curabitur in libero ut massa volutpat convallis.', '2018-03-22', '2021-05-27', 783431, 27, 3, 33, 33);
insert into Project (title, summary, date_start, date_end, amount, organisation_id, program_id, executive_id, evaluation_id) values ('Utilization Management', 'Vestibulum ante ipsum primis in faucibus orci luctus et ultrices posuere cubilia Curae; Duis faucibus accumsan odio. Curabitur convallis. Duis consequat dui nec nisi volutpat eleifend. Donec ut dolor.', '2019-08-26', '2022-11-02', 711415, 5, 22, 34, 34);
insert into Project (title, summary, date_start, date_end, amount, organisation_id, program_id, executive_id, evaluation_id) values ('Lunix', 'In quis justo. Maecenas rhoncus aliquam lacus. Morbi quis tortor id nulla ultrices aliquet.', '2019-04-19', '2022-10-25', 500164, 7, 18, 35, 35);
insert into Project (title, summary, date_start, date_end, amount, organisation_id, program_id, executive_id, evaluation_id) values ('Power Systems', 'Nulla tellus. In sagittis dui vel nisl. Duis ac nibh. Fusce lacus purus, aliquet at, feugiat non, pretium quis, lectus.', '2017-01-19', '2023-06-06', 907045, 30, 18, 36, 36);
insert into Project (title, summary, date_start, date_end, amount, organisation_id, program_id, executive_id, evaluation_id) values ('Supply Chain', 'Nulla neque libero, convallis eget, eleifend luctus, ultricies eu, nibh. Quisque id justo sit amet sapien dignissim vestibulum. Vestibulum ante ipsum primis in faucibus orci luctus et ultrices posuere cubilia Curae; Nulla dapibus dolor vel est. Donec odio justo, sollicitudin ut, suscipit a, feugiat et, eros. Vestibulum ac est lacinia nisi venenatis tristique.', '2021-02-01', '2026-03-24', 176683, 25, 2, 37, 37);
insert into Project (title, summary, date_start, date_end, amount, organisation_id, program_id, executive_id, evaluation_id) values ('SQL DB2', 'Duis bibendum, felis sed interdum venenatis, turpis enim blandit mi, in porttitor pede justo eu massa. Donec dapibus.', '2017-07-05', '2025-05-21', 825093, 22, 8, 38, 38);
insert into Project (title, summary, date_start, date_end, amount, organisation_id, program_id, executive_id, evaluation_id) values ('Instructional Design', 'Etiam faucibus cursus urna. Ut tellus. Nulla ut erat id mauris vulputate elementum. Nullam varius. Nulla facilisi.', '2018-12-10', '2022-07-01', 525453, 12, 23, 39, 39);
insert into Project (title, summary, date_start, date_end, amount, organisation_id, program_id, executive_id, evaluation_id) values ('Ubercart', 'Fusce posuere felis sed lacus. Morbi sem mauris, laoreet ut, rhoncus aliquet, pulvinar sed, nisl. Nunc rhoncus dui vel sem. Sed sagittis.', '2017-05-18', '2021-12-18', 360054, 19, 27, 40, 40);
insert into Project (title, summary, date_start, date_end, amount, organisation_id, program_id, executive_id, evaluation_id) values ('Fashion Shows', 'In quis justo. Maecenas rhoncus aliquam lacus. Morbi quis tortor id nulla ultrices aliquet. Maecenas leo odio, condimentum id, luctus nec, molestie sed, justo.', '2018-11-24', '2024-11-30', 770894, 11, 5, 41, 41);
insert into Project (title, summary, date_start, date_end, amount, organisation_id, program_id, executive_id, evaluation_id) values ('SAP Business ByDesign', 'Nullam sit amet turpis elementum ligula vehicula consequat. Morbi a ipsum. Integer a nibh.', '2020-10-12', '2020-09-06', 193081, 7, 26, 42, 42);
insert into Project (title, summary, date_start, date_end, amount, organisation_id, program_id, executive_id, evaluation_id) values ('LDRPS', 'Donec diam neque, vestibulum eget, vulputate ut, ultrices vel, augue. Vestibulum ante ipsum primis in faucibus orci luctus et ultrices posuere cubilia Curae; Donec pharetra, magna vestibulum aliquet ultrices, erat tortor sollicitudin mi, sit amet lobortis sapien sapien non mi. Integer ac neque. Duis bibendum.', '2019-04-02', '2021-11-01', 327254, 10, 5, 43, 43);
insert into Project (title, summary, date_start, date_end, amount, organisation_id, program_id, executive_id, evaluation_id) values ('SSL Duality', 'Vivamus in felis eu sapien cursus vestibulum. Proin eu mi. Nulla ac enim. In tempor, turpis nec euismod scelerisque, quam turpis adipiscing lorem, vitae mattis nibh ligula nec sem. Duis aliquam convallis nunc.', '2019-06-29', '2021-12-09', 921476, 12, 21, 44, 44);
insert into Project (title, summary, date_start, date_end, amount, organisation_id, program_id, executive_id, evaluation_id) values ('Agarose Gel Electrophoresis', 'Quisque porta volutpat erat. Quisque erat eros, viverra eget, congue eget, semper rutrum, nulla.', '2017-10-25', '2020-11-23', 138048, 18, 26, 45, 45);
insert into Project (title, summary, date_start, date_end, amount, organisation_id, program_id, executive_id, evaluation_id) values ('Biomedical Engineering', 'Nulla facilisi. Cras non velit nec nisi vulputate nonummy.', '2019-09-16', '2024-06-11', 328441, 1, 20, 46, 46);
insert into Project (title, summary, date_start, date_end, amount, organisation_id, program_id, executive_id, evaluation_id) values ('LPR', 'Vivamus in felis eu sapien cursus vestibulum. Proin eu mi. Nulla ac enim.', '2020-10-17', '2024-12-24', 893127, 22, 27, 47, 47);
insert into Project (title, summary, date_start, date_end, amount, organisation_id, program_id, executive_id, evaluation_id) values ('Norton Utilities', 'In quis justo. Maecenas rhoncus aliquam lacus. Morbi quis tortor id nulla ultrices aliquet. Maecenas leo odio, condimentum id, luctus nec, molestie sed, justo.', '2021-05-18', '2021-10-17', 459197, 20, 29, 48, 48);
insert into Project (title, summary, date_start, date_end, amount, organisation_id, program_id, executive_id, evaluation_id) values ('Uranium', 'Curabitur at ipsum ac tellus semper interdum. Mauris ullamcorper purus sit amet nulla.', '2017-08-16', '2025-04-13', 617459, 21, 25, 49, 49);
insert into Project (title, summary, date_start, date_end, amount, organisation_id, program_id, executive_id, evaluation_id) values ('Tally ERP', 'Morbi vestibulum, velit id pretium iaculis, diam erat fermentum justo, nec condimentum neque sapien placerat ante. Nulla justo. Aliquam quis turpis eget elit sodales scelerisque. Mauris sit amet eros. Suspendisse accumsan tortor quis turpis.', '2016-12-14', '2021-05-23', 965004, 5, 19, 50, 50);


-- Scientific_Field

insert into Scientific_Field (sf_name) values ('Miscellaneous');
insert into Scientific_Field (sf_name) values ('Technology');
insert into Scientific_Field (sf_name) values ('Consumer Non-Durables');
insert into Scientific_Field (sf_name) values ('n/a');
insert into Scientific_Field (sf_name) values ('Consumer Services');
insert into Scientific_Field (sf_name) values ('Basic Industries');
insert into Scientific_Field (sf_name) values ('Technology');
insert into Scientific_Field (sf_name) values ('Transportation');
insert into Scientific_Field (sf_name) values ('Miscellaneous');
insert into Scientific_Field (sf_name) values ('Finance');
insert into Scientific_Field (sf_name) values ('Energy');
insert into Scientific_Field (sf_name) values ('Consumer Services');
insert into Scientific_Field (sf_name) values ('Finance');
insert into Scientific_Field (sf_name) values ('Health Care');
insert into Scientific_Field (sf_name) values ('n/a');
insert into Scientific_Field (sf_name) values ('Finance');
insert into Scientific_Field (sf_name) values ('Capital Goods');
insert into Scientific_Field (sf_name) values ('Technology');
insert into Scientific_Field (sf_name) values ('Finance');
insert into Scientific_Field (sf_name) values ('Consumer Durables');



-- Scientific Field of Project

insert into SF_Of_Project (sf_id, pro_id) values (12, 36);
insert into SF_Of_Project (sf_id, pro_id) values (16, 35);
insert into SF_Of_Project (sf_id, pro_id) values (18, 44);
insert into SF_Of_Project (sf_id, pro_id) values (15, 48);
insert into SF_Of_Project (sf_id, pro_id) values (20, 22);
insert into SF_Of_Project (sf_id, pro_id) values (1, 15);
insert into SF_Of_Project (sf_id, pro_id) values (3, 8);
insert into SF_Of_Project (sf_id, pro_id) values (13, 28);
insert into SF_Of_Project (sf_id, pro_id) values (14, 48);
insert into SF_Of_Project (sf_id, pro_id) values (2, 36);
insert into SF_Of_Project (sf_id, pro_id) values (15, 26);
insert into SF_Of_Project (sf_id, pro_id) values (6, 46);
insert into SF_Of_Project (sf_id, pro_id) values (10, 21);
insert into SF_Of_Project (sf_id, pro_id) values (14, 7);
insert into SF_Of_Project (sf_id, pro_id) values (12, 17);
insert into SF_Of_Project (sf_id, pro_id) values (7, 36);
insert into SF_Of_Project (sf_id, pro_id) values (12, 19);
insert into SF_Of_Project (sf_id, pro_id) values (20, 48);
insert into SF_Of_Project (sf_id, pro_id) values (5, 9);
insert into SF_Of_Project (sf_id, pro_id) values (7, 41);
insert into SF_Of_Project (sf_id, pro_id) values (20, 24);
insert into SF_Of_Project (sf_id, pro_id) values (11, 5);
insert into SF_Of_Project (sf_id, pro_id) values (8, 13);
insert into SF_Of_Project (sf_id, pro_id) values (17, 6);
insert into SF_Of_Project (sf_id, pro_id) values (6, 29);
insert into SF_Of_Project (sf_id, pro_id) values (20, 18);
insert into SF_Of_Project (sf_id, pro_id) values (20, 49);
insert into SF_Of_Project (sf_id, pro_id) values (8, 40);
insert into SF_Of_Project (sf_id, pro_id) values (7, 1);
insert into SF_Of_Project (sf_id, pro_id) values (11, 33);
insert into SF_Of_Project (sf_id, pro_id) values (18, 21);
insert into SF_Of_Project (sf_id, pro_id) values (12, 48);
insert into SF_Of_Project (sf_id, pro_id) values (9, 15);
insert into SF_Of_Project (sf_id, pro_id) values (14, 37);
insert into SF_Of_Project (sf_id, pro_id) values (5, 48);
insert into SF_Of_Project (sf_id, pro_id) values (18, 3);
insert into SF_Of_Project (sf_id, pro_id) values (7, 34);
insert into SF_Of_Project (sf_id, pro_id) values (17, 33);
insert into SF_Of_Project (sf_id, pro_id) values (11, 34);
insert into SF_Of_Project (sf_id, pro_id) values (5, 24);
insert into SF_Of_Project (sf_id, pro_id) values (20, 47);
insert into SF_Of_Project (sf_id, pro_id) values (7, 29);
insert into SF_Of_Project (sf_id, pro_id) values (2, 31);
insert into SF_Of_Project (sf_id, pro_id) values (10, 24);
insert into SF_Of_Project (sf_id, pro_id) values (2, 15);
insert into SF_Of_Project (sf_id, pro_id) values (20, 46);
insert into SF_Of_Project (sf_id, pro_id) values (7, 10);
insert into SF_Of_Project (sf_id, pro_id) values (13, 43);
insert into SF_Of_Project (sf_id, pro_id) values (16, 26);
insert into SF_Of_Project (sf_id, pro_id) values (15, 44);


-- Works on

insert into Works_On (project_id, researcher_id) values (4, 1);
insert into Works_On (project_id, researcher_id) values (18, 2);
insert into Works_On (project_id, researcher_id) values (25, 3);
insert into Works_On (project_id, researcher_id) values (10, 4);
insert into Works_On (project_id, researcher_id) values (25, 5);
insert into Works_On (project_id, researcher_id) values (22, 6);
insert into Works_On (project_id, researcher_id) values (16, 7);
insert into Works_On (project_id, researcher_id) values (12, 8);
insert into Works_On (project_id, researcher_id) values (28, 9);
insert into Works_On (project_id, researcher_id) values (14, 10);
insert into Works_On (project_id, researcher_id) values (20, 11);
insert into Works_On (project_id, researcher_id) values (10, 12);
insert into Works_On (project_id, researcher_id) values (1, 13);
insert into Works_On (project_id, researcher_id) values (13, 14);
insert into Works_On (project_id, researcher_id) values (12, 15);
insert into Works_On (project_id, researcher_id) values (20, 16);
insert into Works_On (project_id, researcher_id) values (11, 17);
insert into Works_On (project_id, researcher_id) values (12, 18);
insert into Works_On (project_id, researcher_id) values (7, 19);
insert into Works_On (project_id, researcher_id) values (5, 20);
insert into Works_On (project_id, researcher_id) values (26, 21);
insert into Works_On (project_id, researcher_id) values (1, 22);
insert into Works_On (project_id, researcher_id) values (22, 23);
insert into Works_On (project_id, researcher_id) values (10, 24);
insert into Works_On (project_id, researcher_id) values (13, 25);
insert into Works_On (project_id, researcher_id) values (7, 26);
insert into Works_On (project_id, researcher_id) values (28, 27);
insert into Works_On (project_id, researcher_id) values (14, 28);
insert into Works_On (project_id, researcher_id) values (8, 29);
insert into Works_On (project_id, researcher_id) values (23, 30);
insert into Works_On (project_id, researcher_id) values (22, 31);
insert into Works_On (project_id, researcher_id) values (22, 32);
insert into Works_On (project_id, researcher_id) values (26, 33);
insert into Works_On (project_id, researcher_id) values (12, 34);
insert into Works_On (project_id, researcher_id) values (27, 35);
insert into Works_On (project_id, researcher_id) values (1, 36);
insert into Works_On (project_id, researcher_id) values (30, 37);
insert into Works_On (project_id, researcher_id) values (18, 38);
insert into Works_On (project_id, researcher_id) values (5, 39);
insert into Works_On (project_id, researcher_id) values (13, 40);
insert into Works_On (project_id, researcher_id) values (11, 41);
insert into Works_On (project_id, researcher_id) values (8, 42);
insert into Works_On (project_id, researcher_id) values (5, 43);
insert into Works_On (project_id, researcher_id) values (11, 44);
insert into Works_On (project_id, researcher_id) values (28, 45);
insert into Works_On (project_id, researcher_id) values (15, 46);
insert into Works_On (project_id, researcher_id) values (30, 47);
insert into Works_On (project_id, researcher_id) values (28, 48);
insert into Works_On (project_id, researcher_id) values (19, 49);
insert into Works_On (project_id, researcher_id) values (16, 50);
insert into Works_On (project_id, researcher_id) values (5, 51);
insert into Works_On (project_id, researcher_id) values (2, 52);
insert into Works_On (project_id, researcher_id) values (25, 53);
insert into Works_On (project_id, researcher_id) values (30, 54);
insert into Works_On (project_id, researcher_id) values (11, 55);
insert into Works_On (project_id, researcher_id) values (23, 56);
insert into Works_On (project_id, researcher_id) values (6, 57);
insert into Works_On (project_id, researcher_id) values (14, 58);
insert into Works_On (project_id, researcher_id) values (22, 59);
insert into Works_On (project_id, researcher_id) values (12, 60);
insert into Works_On (project_id, researcher_id) values (8, 61);
insert into Works_On (project_id, researcher_id) values (7, 62);
insert into Works_On (project_id, researcher_id) values (22, 63);
insert into Works_On (project_id, researcher_id) values (14, 64);
insert into Works_On (project_id, researcher_id) values (28, 65);
insert into Works_On (project_id, researcher_id) values (30, 66);
insert into Works_On (project_id, researcher_id) values (15, 67);
insert into Works_On (project_id, researcher_id) values (25, 68);
insert into Works_On (project_id, researcher_id) values (30, 69);
insert into Works_On (project_id, researcher_id) values (28, 70);
insert into Works_On (project_id, researcher_id) values (24, 71);
insert into Works_On (project_id, researcher_id) values (8, 72);
insert into Works_On (project_id, researcher_id) values (13, 73);
insert into Works_On (project_id, researcher_id) values (9, 74);
insert into Works_On (project_id, researcher_id) values (5, 75);
insert into Works_On (project_id, researcher_id) values (10, 76);
insert into Works_On (project_id, researcher_id) values (19, 77);
insert into Works_On (project_id, researcher_id) values (7, 78);
insert into Works_On (project_id, researcher_id) values (19, 79);
insert into Works_On (project_id, researcher_id) values (25, 80);
insert into Works_On (project_id, researcher_id) values (21, 81);
insert into Works_On (project_id, researcher_id) values (8, 82);
insert into Works_On (project_id, researcher_id) values (26, 83);
insert into Works_On (project_id, researcher_id) values (18, 84);
insert into Works_On (project_id, researcher_id) values (7, 85);
insert into Works_On (project_id, researcher_id) values (9, 86);
insert into Works_On (project_id, researcher_id) values (15, 87);
insert into Works_On (project_id, researcher_id) values (25, 88);
insert into Works_On (project_id, researcher_id) values (26, 89);
insert into Works_On (project_id, researcher_id) values (25, 90);
insert into Works_On (project_id, researcher_id) values (25, 91);
insert into Works_On (project_id, researcher_id) values (28, 92);
insert into Works_On (project_id, researcher_id) values (18, 93);
insert into Works_On (project_id, researcher_id) values (21, 94);
insert into Works_On (project_id, researcher_id) values (25, 95);
insert into Works_On (project_id, researcher_id) values (10, 96);
insert into Works_On (project_id, researcher_id) values (5, 97);
insert into Works_On (project_id, researcher_id) values (12, 98);
insert into Works_On (project_id, researcher_id) values (17, 99);
insert into Works_On (project_id, researcher_id) values (28, 100);